{
  "project_info": {
    "project_number": "807575685731",
    "project_id": "scanlife-8d2c3",
    "storage_bucket": "scanlife-8d2c3.appspot.com"
  },
  "client": [
    {
      "client_info": {
        "mobilesdk_app_id": "1:807575685731:android:2990cc2d2a8a8bd7100656",
        "android_client_info": {
          "package_name": "com.example.scanlife"
        }
      },
      "oauth_client": [
        {
          "client_id": "807575685731-462fatn3r0i3e06g30qflq3jlhbp4r4q.apps.googleusercontent.com",
          "client_type": 3
        }
      ],
      "api_key": [
        {
          "current_key": "AIzaSyAhUnZeq_00uY-90O640nD6x1TVeyZxbyQ"
        }
      ],
      "services": {
        "appinvite_service": {
          "other_platform_oauth_client": [
            {
              "client_id": "807575685731-462fatn3r0i3e06g30qflq3jlhbp4r4q.apps.googleusercontent.com",
              "client_type": 3
            }
          ]
        }
      }
    }
  ],
  "configuration_version": "1"
}